{"cameraMode":{"drawMode":0,"name":"Shaded","section":"Shading Mode"},"sceneLighting":false,"audioPlay":false,"sceneViewState":{"showFog":true,"showMaterialUpdate":false,"showSkybox":false,"showFlares":true,"showImageEffects":true,"showParticleSystems":true},"in2DMode":false,"pivot":{"x":-0.08611583709716797,"y":6.055646896362305,"z":-1.3876101970672608},"rotation":{"x":0.14201779663562776,"y":-0.0038584363646805288,"z":0.0005523053696379066,"w":0.989861249923706},"size":20.92848014831543,"orthographic":false}