{"cameraMode":{"drawMode":0,"name":"Shaded","section":"Shading Mode"},"sceneLighting":true,"audioPlay":false,"sceneViewState":{"showFog":true,"showMaterialUpdate":false,"showSkybox":true,"showFlares":true,"showImageEffects":true,"showParticleSystems":true},"in2DMode":false,"pivot":{"x":-7.271425724029541,"y":4.7367262840271,"z":13.498297691345215},"rotation":{"x":0.008990182541310788,"y":-0.04587981849908829,"z":0.00041604117723181844,"w":0.9989153146743774},"size":23.847715377807618,"orthographic":false}