{"cameraMode":{"drawMode":0,"name":"Shaded","section":"Shading Mode"},"sceneLighting":false,"audioPlay":false,"sceneViewState":{"showFog":true,"showMaterialUpdate":false,"showSkybox":false,"showFlares":true,"showImageEffects":true,"showParticleSystems":true},"in2DMode":false,"pivot":{"x":-2.086162567138672e-7,"y":0.4711618423461914,"z":-0.019678644835948945},"rotation":{"x":0.1269635409116745,"y":-0.054425206035375598,"z":0.006976878270506859,"w":0.9903910756111145},"size":1.8149073123931885,"orthographic":false}